<Detalle>
	<TpoDoc/>
	<Emisor/>
	<NroDoc/>
	<Anulado/>
	<Operacion/>
	<TpoImp/>
	<TasaImp/>
	<NumInt/>
	<IndServicio/>
	<IndSinCosto/>
	<FchDoc/>
	<CdgSIISucur/>
	<RUTDoc/>
	<RznSoc/>
	<TpoDocRef/>
	<FolioDocRef/>
	<MntExe/>
	<MntNeto/>
	<MntIVA/>
	<MntActivoFijo/>
	<MntIVAActivoFijo/>
	<IVANoRec>
		<CodIVANoRec/>
		<MntIVANoRec/>
	</IVANoRec>
	<IVAUsoComun/>
	<IVAFueraPlazo/>
	<IVAPropio/>
	<IVATerceros/>
	<Ley18211/>
	<OtrosImp>
		<CodImp/>
		<TasaImp/>
		<MntImp/>
	</OtrosImp>
	<MntSinCred/>
	<IVARetTotal/>
	<IVARetParcial/>
	<CredEC/>
	<DepEnvase/>
	<MntNoFact/>
	<MntTotal/>
	<IVANoRetenido/>
	<MntNoFact/>
	<MntPeriodo/>
	<PsjNac/>
	<PsjInt/>
	<TabPuros/>
	<TabCigarrillos/>
	<TabElaborado/>
	<ImpVehiculo/>
	<Liquidaciones>
		<RutEmisor/>
		<ValComNeto/>
		<ValComExe/>
		<ValComIVA/>
	</Liquidaciones>
</Detalle>