<CONFIG.RPT>
	<CONFIG>
		<Reporte>
			<TipoDte>033</TipoDte>
			<Nombre>Factura_CF.rpt</Nombre>
		</Reporte>
		<Reporte>
			<TipoDte>034</TipoDte>
			<Nombre>Factura_CF(Exenta).rpt</Nombre>
		</Reporte>
		<Reporte>
			<TipoDte>043</TipoDte>
			<Nombre>Factura_CF.rpt</Nombre>
		</Reporte>
		<Reporte>
			<TipoDte>052</TipoDte>
			<Nombre>GuiaDespacho_CF.rpt</Nombre>
		</Reporte>
		<Reporte>
			<TipoDte>056</TipoDte>
			<Nombre>NotaDebito_CF.RPT</Nombre>
		</Reporte>
		<Reporte>
			<TipoDte>061</TipoDte>
			<Nombre>NotaCredito_CF.RPT</Nombre>
		</Reporte>
		<Reporte>
			<TipoDte>110</TipoDte>
			<Nombre>FacturaExp_CF.rpt</Nombre>
		</Reporte>
		<Reporte>
			<TipoDte>111</TipoDte>
			<Nombre>NotaDebitoExp_CF.RPT</Nombre>
		</Reporte>
		<Reporte>
			<TipoDte>112</TipoDte>
			<Nombre>NotaCreditoExp_CF.RPT</Nombre>
		</Reporte>
		<Reporte>
			<TipoDte>112</TipoDte>
			<Nombre>NotaCredExp_CF.RPT</Nombre>
		</Reporte>		
		<Reporte>
			<TipoDte>046</TipoDte>
			<Nombre>FacturaCompra_CF.rpt</Nombre>
		</Reporte>
	</CONFIG>
</CONFIG.RPT>
